Index,Customer Id,First Name,Last Name,Company,City,Country,Subscription Date,,,,
1,DD37Cf93aecA6Dc,Sheryl,Baxter,Rasmussen Group,East Leonard,Chile,2020-08-24,,,,
2,1Ef7b82A4CAAD10,Preston,Lozano,Vega-Gentry,East Jimmychester,Djibouti,2021-04-23,,,,
3,6F94879bDAfE5a6,Roy,Berry,Murillo-Perry,Isabelborough,Antigua and Barbuda,2020-03-25,,,,
4,5Cef8BFA16c5e3c,Linda,Olsen,"Dominguez, Mcmillan and Donovan",Bensonview,Dominican Republic,2020-06-02,,,,
5,053d585Ab6b3159,Joanna,Bender,"Martin, Lang and Andrade",West Priscilla,Slovakia (Slovak Republic),2021-04-17,,,,
6,2d08FB17EE273F4,Aimee,Downs,Steele Group,Chavezborough,Bosnia and Herzegovina,2020-02-25,,,,
7,EA4d384DfDbBf77,Darren,Peck,"Lester, Woodard and Mitchell",Lake Ana,Pitcairn Islands,2021-08-24,,,,
8,0e04AFde9f225dE,Brett,Mullen,"Sanford, Davenport and Giles",Kimport,Bulgaria,2021-04-12,,,,
9,C2dE4dEEc489ae0,Sheryl,Meyers,Browning-Simon,Robersonstad,Cyprus,2020-01-13,,,,
10,8C2811a503C7c5a,Michelle,Gallagher,Beck-Hendrix,Elaineberg,Timor-Leste,2021-11-08,,,,
11,216E205d6eBb815,Carl,Schroeder,"Oconnell, Meza and Everett",Shannonville,Guernsey,2021-10-20,,,,
12,CEDec94deE6d69B,Jenna,Dodson,"Hoffman, Reed and Mcclain",East Andrea,Vietnam,2020-11-29,,,,
13,e35426EbDEceaFF,Tracey,Mata,Graham-Francis,South Joannamouth,Togo,2021-12-02,,,,
14,A08A8aF8BE9FaD4,Kristine,Cox,Carpenter-Cook,Jodyberg,Sri Lanka,2021-02-08,,,,
15,6fEaA1b7cab7B6C,Faith,Lutz,Carter-Hancock,Burchbury,Singapore,2022-01-26,,,,
16,8cad0b4CBceaeec,Miranda,Beasley,Singleton and Sons,Desireeshire,Oman,2022-04-12,,,,
17,a5DC21AE3a21eaA,Caroline,Foley,Winters-Mendoza,West Adriennestad,Western Sahara,2021-03-10,,,,
18,F8Aa9d6DfcBeeF8,Greg,Mata,Valentine LLC,Lake Leslie,Mozambique,2022-03-26,,,,
19,F160f5Db3EfE973,Clifford,Jacobson,Simon LLC,Harmonview,South Georgia and the South Sandwich Islands,2020-09-24,,,,
20,0F60FF3DdCd7aB0,Joanna,Kirk,Mays-Mccormick,Jamesshire,French Polynesia,2021-09-24,,,,
21,9F9AdB7B8A6f7F2,Maxwell,Frye,Patterson Inc,East Carly,Malta,2022-01-12,,,,
22,FBd0Ded4F02a742,Kiara,Houston,"Manning, Hester and Arroyo",South Alvin,Netherlands,2020-09-15,,,,
23,2FB0FAA1d429421,Colleen,Howard,Greer and Sons,Brittanyview,Paraguay,2020-08-19,,,,
24,010468dAA11382c,Janet,Valenzuela,Watts-Donaldson,Veronicamouth,Lao People's Democratic Republic,2020-09-08,,,,
25,eC1927Ca84E033e,Shane,Wilcox,Tucker LLC,Bryanville,Albania,2021-04-06,,,,
26,09D7D7C8Fe09aea,Marcus,Moody,Giles Ltd,Kaitlyntown,Panama,2022-05-24,,,,
27,aBdfcF2c50b0bfD,Dakota,Poole,Simmons Group,Michealshire,Belarus,2022-02-20,,,,
28,b92EBfdF8a3f0E6,Frederick,Harper,"Hinton, Chaney and Stokes",South Marissatown,Switzerland,2022-05-26,,,,
29,3B5dAAFA41AFa22,Stefanie,Fitzpatrick,Santana-Duran,Acevedoville,Saint Vincent and the Grenadines,2020-07-30,,,,
30,EDA69ca7a6e96a2,Kent,Bradshaw,Sawyer PLC,North Harold,Tanzania,2020-04-26,,,,
31,64DCcDFaB9DFd4e,Jack,Tate,"Acosta, Petersen and Morrow",West Samuel,Zimbabwe,2021-09-15,,,,
32,679c6c83DD872d6,Tom,Trujillo,Mcgee Group,Cunninghamborough,Denmark,2022-01-13,,,,
33,7Ce381e4Afa4ba9,Gabriel,Mejia,Adkins-Salinas,Port Annatown,Liechtenstein,2021-04-24,,,,
34,A09AEc6E3bF70eE,Kaitlyn,Santana,Herrera Group,New Kaitlyn,United States of America,2021-09-21,,,,
35,aA9BAFfBc3710fe,Faith,Moon,"Waters, Chase and Aguilar",West Marthaburgh,Bahamas,2021-11-03,,,,
36,E11dfb2DB8C9f72,Tammie,Haley,"Palmer, Barnes and Houston",East Teresa,Belize,2022-01-04,,,,
37,889eCf90f68c5Da,Nicholas,Sosa,Jordan Ltd,South Hunter,Uruguay,2021-08-10,,,,
38,7a1Ee69F4fF4B4D,Jordan,Gay,Glover and Sons,South Walter,Solomon Islands,2021-02-24,,,,
39,dca4f1D0A0fc5c9,Bruce,Esparza,Huerta-Mclean,Poolefurt,Montenegro,2021-10-22,,,,
40,17aD8e2dB3df03D,Sherry,Garza,Anderson Ltd,West John,Poland,2021-11-01,,,,
41,2f79Cd309624Abb,Natalie,Gentry,Monroe PLC,West Darius,Dominican Republic,2020-10-10,,,,
42,6e5ad5a5e2bB5Ca,Bryan,Dunn,Kaufman and Sons,North Jimstad,Burkina Faso,2021-09-08,,,,
43,7E441b6B228DBcA,Wayne,Simpson,Perkins-Trevino,East Rebekahborough,Bolivia,2020-12-13,,,,
44,D3fC11A9C235Dc6,Luis,Greer,Cross PLC,North Drew,Bulgaria,2022-05-15,,,,
45,30Dfa48fe5Ede78,Rhonda,Frost,"Herrera, Shepherd and Underwood",Lake Lindaburgh,Monaco,2021-12-06,,,,
46,fD780ED8dbEae7B,Joanne,Montes,"Price, Sexton and Mcdaniel",Gwendolynview,Palau,2020-07-01,,,,
47,300A40d3ce24bBA,Geoffrey,Guzman,Short-Wiggins,Zimmermanland,Uzbekistan,2020-04-23,,,,
48,283DFCD0Dba40aF,Gloria,Mccall,"Brennan, Acosta and Ramos",North Kerriton,Ghana,2022-03-11,,,,
49,F4Fc91fEAEad286,Brady,Cohen,Osborne-Erickson,North Eileenville,United Arab Emirates,2022-03-10,,,,
50,80F33Fd2AcebF05,Latoya,Mccann,"Hobbs, Garrett and Sanford",Port Sergiofort,Belarus,2021-12-02,,,,
51,Aa20BDe68eAb0e9,Gerald,Hawkins,"Phelps, Forbes and Koch",New Alberttown,Canada,2021-03-19,,,,
52,e898eEB1B9FE22b,Samuel,Crawford,"May, Goodwin and Martin",South Jasmine,Algeria,2021-03-27,,,,
53,faCEF517ae7D8eB,Patricia,Goodwin,"Christian, Winters and Ellis",Cowanfort,Swaziland,2021-03-08,,,,
54,c09952De6Cda8aA,Stacie,Richard,Byrd Inc,New Deborah,Madagascar,2020-10-15,,,,
55,f3BEf3Be028166f,Robin,West,"Nixon, Blackwell and Sosa",Wallstown,Ecuador,2022-01-13,,,,
56,C6F2Fc6a7948a4e,Ralph,Haas,Montes PLC,Lake Ellenchester,Palestinian Territory,2020-05-25,,,,
57,c8FE57cBBdCDcb2,Phyllis,Maldonado,Costa PLC,Lake Whitney,Saint Barthelemy,2021-01-25,,,,
58,B5acdFC982124F2,Danny,Parrish,Novak LLC,East Jaredbury,United Arab Emirates,2021-03-17,,,,
59,8c7DdF10798bCC3,Kathy,Hill,"Moore, Mccoy and Glass",Selenabury,South Georgia and the South Sandwich Islands,2020-11-15,,,,
60,C681dDd0cc422f7,Kelli,Hardy,Petty Ltd,Huangfort,Sao Tome and Principe,2020-12-20,,,,
61,a940cE42e035F28,Lynn,Pham,"Brennan, Camacho and Tapia",East Pennyshire,Portugal,2020-08-21,,,,
62,9Cf5E6AFE0aeBfd,Shelley,Harris,"Prince, Malone and Pugh",Port Jasminborough,Togo,2020-12-10,,,,
63,aEcbe5365BbC67D,Eddie,Jimenez,Caldwell Group,West Kristine,Ethiopia,2022-03-24,,,,
64,FCBdfCEAe20A8Dc,Chloe,Hutchinson,Simon LLC,South Julia,Netherlands,2022-05-15,,,,
65,636cBF0835E10ff,Eileen,Lynch,"Knight, Abbott and Hubbard",Helenborough,Liberia,2021-01-02,,,,
66,fF1b6c9E8Fbf1ff,Fernando,Lambert,Church-Banks,Lake Nancy,Lithuania,2021-04-23,,,,
67,2A13F74EAa7DA6c,Makayla,Cannon,Henderson Inc,Georgeport,New Caledonia,2020-01-20,,,,
68,a014Ec1b9FccC1E,Tom,Alvarado,Donaldson-Dougherty,South Sophiaberg,Kiribati,2020-08-18,,,,
69,421a109cABDf5fa,Virginia,Dudley,Warren Ltd,Hartbury,French Southern Territories,2021-01-31,,,,
70,CC68FD1D3Bbbf22,Riley,Good,Wade PLC,Erikaville,Canada,2020-02-03,,,,
71,CBCd2Ac8E3eBDF9,Alexandria,Buck,Keller-Coffey,Nicolasfort,Iran,2021-02-20,,,,
72,Ef859092FbEcC07,Richard,Roth,Conway-Mcbride,New Jasmineshire,Morocco,2020-02-23,,,,
73,F560f2d3cDFb618,Candice,Keller,Huynh and Sons,East Summerstad,Zimbabwe,2020-08-22,,,,
74,A3F76Be153Df4a3,Anita,Benson,Parrish Ltd,Skinnerport,Russian Federation,2020-02-09,,,,
75,D01Af0AF7cBbFeA,Regina,Stein,Guzman-Brown,Raystad,Solomon Islands,2022-01-15,,,,
76,d40e89dCade7b2F,Debra,Riddle,"Chang, Aguirre and Leblanc",Colinhaven,United States Virgin Islands,2020-07-11,,,,
77,BF6a1f9bd1bf8DE,Brittany,Zuniga,Mason-Hester,West Reginald,Kyrgyz Republic,2021-07-24,,,,
78,FfaeFFbbbf280db,Cassidy,Mcmahon,"Mcguire, Huynh and Hopkins",Lake Sherryborough,Myanmar,2020-10-21,,,,
79,CbAE1d1e9a8dCb1,Laurie,Pennington,"Sanchez, Marsh and Hale",Port Katherineville,Dominica,2020-06-08,,,,
80,A7F85c1DE4dB87f,Alejandro,Blair,"Combs, Waller and Durham",Thomasland,Iceland,2020-09-19,,,,
81,D6CEAfb3BDbaa1A,Leslie,Jennings,Blankenship-Arias,Coreybury,Micronesia,2021-11-13,,,,
82,Ebdb6F6F7c90b69,Kathleen,Mckay,"Coffey, Lamb and Johnson",Lake Janiceton,Saint Vincent and the Grenadines,2021-09-12,,,,
83,E8E7e8Cfe516ef0,Hunter,Moreno,Fitzpatrick-Lawrence,East Clinton,Isle of Man,2020-12-28,,,,
84,78C06E9b6B3DF20,Chad,Davidson,Garcia-Jimenez,South Joshuashire,Oman,2021-11-15,,,,
85,03A1E62ADdeb31c,Corey,Holt,"Mcdonald, Bird and Ramirez",New Glenda,Fiji,2020-02-18,,,,
86,C6763c99d0bd16D,Emma,Cunningham,Stephens Inc,North Jillianview,New Zealand,2022-05-13,,,,
87,ebe77E5Bf9476CE,Duane,Woods,Montoya-Miller,Lyonsberg,Maldives,2020-07-21,,,,
88,E4Bbcd8AD81fC5f,Alison,Vargas,"Vaughn, Watts and Leach",East Cristinabury,Benin,2020-11-10,,,,
89,efeb73245CDf1fF,Vernon,Kane,Carter-Strickland,Thomasfurt,Yemen,2021-04-15,,,,
90,37Ec4B395641c1E,Lori,Flowers,Decker-Mcknight,North Joeburgh,Namibia,2021-01-09,,,,
91,5ef6d3eefdD43bE,Nina,Chavez,Byrd-Campbell,Cassidychester,Bhutan,2020-03-26,,,,
92,98b3aeDcC3B9FF3,Shane,Foley,Rocha-Hart,South Dannymouth,Hungary,2021-07-06,,,,
93,aAb6AFc7AfD0fF3,Collin,Ayers,Lamb-Peterson,South Lonnie,Anguilla,2021-06-29,,,,
94,54B5B5Fe9F1B6C5,Sherry,Young,"Lee, Lucero and Johnson",Frankchester,Solomon Islands,2021-04-04,,,,
95,BE91A0bdcA49Bbc,Darrell,Douglas,"Newton, Petersen and Mathis",Daisyborough,Mali,2022-02-17,,,,
96,cb8E23e48d22Eae,Karl,Greer,Carey LLC,East Richard,Guyana,2022-01-30,,,,
97,CeD220bdAaCfaDf,Lynn,Atkinson,"Ware, Burns and Oneal",New Bradview,Sri Lanka,2021-07-10,,,,
98,28CDbC0dFe4b1Db,Fred,Guerra,Schmitt-Jones,Ortegaland,Solomon Islands,2021-09-18,,,,
99,c23d1D9EE8DEB0A,Yvonne,Farmer,Fitzgerald-Harrell,Lake Elijahview,Aruba,2021-08-11,,,,
100,2354a0E336A91A1,Clarence,Haynes,"Le, Nash and Cross",Judymouth,Honduras,2020-03-11,,,,